<Ui xmlns="http://www.blizzard.com/wow/ui/" xmlns:xsi="http://www.w3.org/2001/XMLSchema-instance" xsi:schemaLocation="http://www.blizzard.com/wow/ui/
..\FrameXML\UI.xsd">
    <!-- Overlay Modules -->
    <Script file="overlay.lua"/>
    <Script file="AuctionHouse.lua"/>
    <Script file="BlackMarketAuctionHouse.lua"/>
    <Script file="Containers.lua"/>
    <Script file="EncounterJournal.lua"/>
    <Script file="Loot.lua"/>
    <Script file="Mail.lua"/>
    <Script file="Merchant.lua"/>
    <Script file="Quests.lua"/>
    <Script file="Sets.lua"/>
    <Script file="Tradeskill.lua"/>
</Ui>
