<Ui xmlns="http://www.blizzard.com/wow/ui/" xmlns:xsi="http://www.w3.org/2001/XMLSchema-instance" xsi:schemaLocation="http://www.blizzard.com/wow/ui/
..\FrameXML\UI.xsd">
	<Frame name="CandyBucketsPinTemplate" inherits="BaseHighlightableMapPoiPinTemplate" enableMouseClicks="true" mixin="CandyBucketsPinMixin" virtual="true">
		<Layers>
			<Layer level="BORDER">
				<Texture parentKey="Border">
					<Anchors>
						<Anchor point="TOPLEFT" x="-1" y="1" />
						<Anchor point="BOTTOMRIGHT" x="1" y="-1" />
					</Anchors>
				</Texture>
			</Layer>
		</Layers>
	</Frame>
</Ui>
