<Ui xmlns="http://www.blizzard.com/wow/ui/" xmlns:xsi="http://www.w3.org/2001/XMLSchema-instance" xsi:schemaLocation="http://www.blizzard.com/wow/ui/
..\FrameXML\UI.xsd">

<Script file="AbyssalCommander.lua"/>
<Script file="RadianceofAszhara.lua"/>
<Script file="BlackwaterBehemoth.lua"/>
<Script file="LadyAshvane.lua"/>
<Script file="Orgozoa.lua"/>
<Script file="TheQueensCourt.lua"/>
<Script file="Zaqul.lua"/>
<Script file="QueenAzshara.lua"/>

<!-- <Include file="Locales\locales.xml"/> -->
<Include file="Options\options.xml"/>

</Ui>
